feat,spread_ex,spread_cf,hi_cf,lo_cf,rho,nbin
rl_f_speed_fig_max_vs_field,6.154794814407959,6.582978412931721,2.1900865969508834,-4.392891815980837,0.8181818181818182,10
rl_f_pl_rating,5.842026171114931,6.40132851019149,2.7664480039673887,-3.634880506224102,0.8666666666666665,10
f_pl_rating,4.745546699763809,6.01840275828744,3.2328961588077325,-2.7855065994797075,0.8303030303030302,10
rl_f_time_diff_vs_field,4.688590589471014,5.693430554684738,2.0759565702430685,-3.6174739844416695,0.6484848484848483,10
rl_f_pl_rating_rank,5.770848239120465,5.584918739820508,2.267497178769031,-3.3174215610514772,0.7212121212121211,10
f_weight_last_diff,5.21117098911577,5.335681883390169,3.7794849395213452,-1.5561969438688243,-0.406060606060606,10
rl_f_pl_rating_z,5.298480811705474,5.208936498088455,2.3102198746055063,-2.8987166234829487,0.9151515151515152,10
f_agari_ability,4.5847253842827875,5.099850345055074,2.204769504222885,-2.895080840832189,0.5515151515151515,10
rl_f_speed_fig_avg_vs_field,6.087758591731298,5.030024302100699,2.1075024262280877,-2.9225218758726115,0.7212121212121211,10
rl_f_recent_vs_field,5.020332400483883,4.959541336478846,1.9418858030363195,-3.0176555334425266,0.6606060606060605,10
rl_f_speed_fig_last_vs_field,5.112081351122968,4.802922494163033,1.7825428246799206,-3.0203796694831118,0.7818181818181817,10
rl_f_speed_fig_max_rank,4.533201897529694,4.721600254726042,1.6905387680818909,-3.031061486644151,0.5272727272727272,10
cl_f_blood_vs_field,6.348129267242173,4.50719559916261,3.0493717084098,-1.4578238907528096,0.2606060606060606,10
rl_f_speed_fig_avg_rank,5.928270321355313,4.470719937488261,2.195041732575664,-2.275678204912597,0.8424242424242423,10
f_last3_rank,2.464732214955064,4.437299071508015,2.2824600244271913,-2.154839047080824,0.22424242424242422,10
f_weight_trend_avg,3.783952792654848,4.430453339616795,3.1711488814197124,-1.2593044581970825,0.07878787878787878,10
f_pl_rating_n,2.5377815673416526,4.411555265547911,1.1181230309404728,-3.293432234607438,0.7939393939393938,10
f_career_runs,2.423395436013156,4.377529611672637,1.0840973770651987,-3.293432234607438,0.6166666666666666,9
f_course_coverage,5.862452202653046,4.361332977863798,2.05811084262668,-2.3032221352371183,0.3571428571428572,7
cl_f_jockey_rank,4.762162594523469,4.3545673637116655,1.7234311028076827,-2.6311362609039826,0.6969696969696969,10
f_competitive_best,3.1388810110408123,4.2160305052064615,1.3618032959589974,-2.854227209247464,0.41818181818181815,10
cl_f_jockey_vs_field,6.445223615973233,4.203007452383069,1.2637008566910768,-2.939306595691993,0.7454545454545454,10
rl_f_time_diff_rank,3.5639639720443546,4.171363892090573,1.5646613802138942,-2.6067025118766796,0.5878787878787878,10
f_perf_highpace,4.648970994676207,4.133941499138633,1.332893100472932,-2.801048398665701,-0.01818181818181818,10
f_p_mid,5.498402021452581,4.088359718335877,2.0251091224354973,-2.063250595900379,0.09999999999999999,9
f_trainer,2.440424464096541,4.07881050441702,2.1610839021103345,-1.9177266023066857,0.22424242424242422,10
f_recent,4.515487876848139,4.076274958565307,1.529102922199861,-2.547172036365446,0.7939393939393938,10
f_dist_confidence,2.907330689955638,4.023019242766637,2.187357217494274,-1.835662025272363,0.2121212121212121,10
cl_f_heavy_track_rank,2.902935510281792,3.9589217305765394,2.576657464922195,-1.3822642656543445,0.10303030303030303,10
f_p_back,2.549668302116976,3.9495958267564215,1.1089099237694415,-2.84068590298698,0.4666666666666666,9
f_agari_rank_at_type,4.792223428433587,3.925166585225506,2.0592898961819515,-1.8658766890435545,0.309090909090909,10
f_uphill_severity_rate,3.418013915937558,3.9171778464743223,2.0926516593977245,-1.8245261870765976,0.24848484848484845,10
f_post,1.8026462223146522,3.910762944483097,1.6117948751806217,-2.298968069302475,0.28484848484848485,10
f_perf_slowpace,3.0660954272972982,3.8970708105600136,2.241897244615513,-1.6551735659445006,0.5878787878787878,10
f_pos_std_3,3.263592562453541,3.874717838049375,0.8339445956825804,-3.040773242366795,0.28484848484848485,10
cl_f_heavy_track_vs_field,2.262197446205028,3.8159030866272836,2.0369698587153824,-1.778933227911901,0.006060606060606061,10
f_heavy_track_rate,4.079815336211074,3.7927236233117707,1.8033661193910286,-1.9893575039207418,0.7333333333333334,9
rl_f_recent_rank,3.1245417199891987,3.7371264944481966,1.3424095606480435,-2.394716933800153,0.6363636363636362,10
f_uphill_match,2.392216894885078,3.7082664985131304,2.561185032604842,-1.1470814659082884,0.28484848484848485,10
cl_f_trainer_vs_field,2.7076580064369,3.6359859311638627,1.40918108612978,-2.2268048450340827,0.4666666666666666,10
f_straight_match,2.5098976464502565,3.6353031281497894,1.39774169395714,-2.2375614341926493,0.0303030303030303,10
f_age,4.362352720441455,3.62113324130762,2.00623430990643,-1.6148989314011901,-0.30952380952380953,8
f_time_diff_avg,3.8780457593191544,3.5884251832844507,1.168904924960027,-2.4195202583244235,0.709090909090909,10
f_recent_fukusho,3.7340332875725424,3.5473488734051744,1.3320705274779319,-2.2152783459272425,0.41818181818181815,10
f_optimal_distance,2.652495573918188,3.5118160990203906,1.816301577720026,-1.6955145213003648,-0.24848484848484845,10
f_rl_rank,2.3718807757834655,3.4893918588962434,1.4863218540068406,-2.003070004889403,0.309090909090909,10
f_course_type_rate,2.8391173641921945,3.486579176439105,1.701032209477582,-1.7855469669615227,0.10303030303030303,10
rl_f_speed_fig_last_rank,3.1196301952308247,3.46332305238394,1.715266881395858,-1.7480561709880815,0.8666666666666665,10
rl_f_speed_last_rank,2.6992987565816606,3.3837027665069463,1.301718943297573,-2.0819838232093733,0.3696969696969697,10
f_jockey_rate,8.214040131560793,3.364399843768347,1.440308739411888,-1.9240911043564588,0.8545454545454544,10
f_jockey,8.214040131560793,3.364399843768347,1.440308739411888,-1.9240911043564588,0.8545454545454544,10
f_agari_at_similar,1.3983365088694493,3.3451533665513633,1.4290716574022484,-1.916081709149115,0.11666666666666665,9
cl_f_dist_fukusho_vs_field,3.8959593737606077,3.339054018392247,1.3923005449399726,-1.9467534734522742,0.12727272727272726,10
f_last2_rank,4.219752998277165,3.3302770766584464,1.4848685457147106,-1.8454085309437356,0.43030303030303024,10
cl_f_trainer_rank,2.3994713799700094,3.31800380046616,1.1324128125526538,-2.1855909879135065,0.49090909090909085,10
f_competitiveness,2.701090475465909,3.3124661123610446,1.230525637616669,-2.0819404747443753,-0.1515151515151515,10
rl_f_speed_last_vs_field,2.358142469985471,3.229909506913958,0.6686516335408068,-2.561257873373151,0.2121212121212121,10
f_speed_trend,3.0356432118186456,3.224344501039771,1.4499822488216882,-1.7743622522180824,0.10303030303030303,10
cl_f_course_fukusho_rank,3.631178909477809,3.140634221809754,1.1403714507687819,-2.000262771040972,0.7212121212121211,10
rl_f_late_speed_vs_field,1.3525691193629013,3.116412136506206,1.2615354208661638,-1.854876715640042,0.29696969696969694,10
rl_f_finish_time_rank,2.5493512767436926,3.1132120682325826,1.039985292941875,-2.0732267752907076,0.16363636363636364,10
f_last1_rank,3.639935833617195,3.111709395948081,0.8264816798332627,-2.285227716114818,0.5151515151515151,10
cl_f_weight_load_rank,2.7400067329387516,3.096170861372613,1.0072924362323443,-2.0888784251402686,-0.05454545454545454,10
f_speed_fig_max,3.7466610871630106,3.060722072039433,0.7989763807857675,-2.2617456912536653,0.07878787878787878,10
f_speed_max,2.0624337231505367,2.9902897680605713,1.3123377967234773,-1.6779519713370938,0.12727272727272726,10
f_same_turn_rate,1.2903066949688573,2.9591478238657842,1.331087142336899,-1.628060681528885,0.5878787878787878,10
rl_f_speed_avg_vs_field,2.773641045644273,2.95051635161508,1.1903790668570013,-1.7601372847580787,0.309090909090909,10
f_days_since_last,3.550142213782057,2.9068094792266286,1.1401780987496632,-1.7666313804769653,0.09523809523809526,8
f_same_course_rate,5.703906211192895,2.900989814221619,0.7888740333696702,-2.112115780851949,0.33333333333333326,10
f_course_fukusho,5.703906211192895,2.900989814221619,0.7888740333696702,-2.112115780851949,0.33333333333333326,10
f_speed_fig_avg,4.341456492059309,2.8759404069608943,1.0889948976744142,-1.7869455092864799,0.5757575757575757,10
f_dist_fukusho,4.300437036215545,2.8746187978967557,1.5880793741110308,-1.2865394237857246,0.34545454545454546,10
rl_f_speed_avg_rank,3.0880870286842255,2.8302422688971465,0.8014897729844438,-2.028752495912703,0.06666666666666665,10
f_pace,1.7108822597951439,2.8299706425638567,0.8388583278288644,-1.9911123147349923,0.406060606060606,10
cl_f_weight_load_vs_field,2.0893659075469184,2.7415262042120263,1.1679786262561114,-1.5735475779559152,0.7575757575757575,10
cl_f_dist_fukusho_rank,2.8119691130570637,2.733913849939397,1.2973617162117823,-1.4365521337276146,0.18787878787878787,10
cl_f_course_fukusho_vs_field,2.327809136270551,2.67542421895049,1.2111082109463174,-1.4643160080041728,0.4424242424242424,10
rl_f_finish_time_vs_field,2.3497446864643248,2.6630061201585637,1.1453400309676656,-1.5176660891908982,0.24848484848484845,10
f_dist_change,1.862273393980134,2.6498917241420465,0.4418924873259909,-2.2079992368160557,-0.10714285714285716,7
f_tight_vs_spacious,4.292929959129674,2.643226240745668,1.4535996350654634,-1.1896266056802047,0.7714285714285715,6
f_speed_score,4.511101652903155,2.6339771626705923,0.9550425025378109,-1.6789346601327815,0.5878787878787878,10
cl_f_pace_fit_vs_field,3.1617364739431286,2.629943268000699,1.0846694687524419,-1.545273799248257,0.32121212121212117,10
f_style_total_fit,3.36889503739146,2.620623454959429,0.9943514784054275,-1.6262719765540015,0.5272727272727272,10
cl_f_style_total_fit_vs_field,1.8987678486396327,2.6186475910353595,1.4146112162058366,-1.2040363748295226,0.1515151515151515,10
f_pace_x_style,1.2394308090454307,2.564941305678383,0.696273290193705,-1.8686680154846784,0.29696969696969694,10
f_pos_avg_3,2.659514916894193,2.554018715880858,1.0883396488270252,-1.4656790670538329,0.43030303030303024,10
f_p_front,3.1565967692756756,2.442596657553957,0.7014496179076526,-1.7411470396463042,-0.26666666666666666,9
f_last3_pos3c,3.818463384506023,2.4365138432694344,0.741369231442542,-1.6951446118268927,0.19999999999999998,10
f_last1_pos3c,2.6780115616702904,2.419387920755331,0.7187948858899184,-1.7005930348654128,0.12727272727272726,10
f_cl_rank,3.657819001567235,2.416338421956871,0.7532310673284329,-1.6631073546284378,0.8303030303030302,10
f_last2_3f,2.6578085351766503,2.352165706696357,0.6994903199841147,-1.6526753867122423,0.28484848484848485,10
f_speed_last,2.184047151566533,2.3477097440518877,0.7028633927494938,-1.6448463513023939,0.32121212121212117,10
f_dist_vs_optimal,1.1896425204870316,2.329709791347172,0.2780366837564769,-2.051673107590695,0.07142857142857144,8
f_pace_fit,4.743478985345645,2.310530194871827,0.7547435065435061,-1.555786688328321,0.35,9
f_last1_3f,1.813048495780176,2.301951691049227,1.034331632415456,-1.2676200586337711,0.12727272727272726,10
cl_f_blood_rank,2.487269279573632,2.2600416280123854,0.7709938238066588,-1.4890478042057267,-0.12727272727272726,10
f_class_jump,3.0458006345354725,2.2477848559634808,0.55404526232031,-1.6937395936431705,-0.7142857142857144,8
f_last3_3f,2.5491320250285434,2.2165248203412653,0.5971672429360096,-1.6193575774052555,0.4545454545454545,10
f_speed_avg,1.7489585223940285,2.195810167055957,0.5572666474109232,-1.6385435196450335,0.04242424242424241,10
rl_f_recent_fukusho_vs_field,2.5184304062067477,2.12336953305313,0.6515197039138039,-1.4718498291393258,0.2727272727272727,10
rl_f_recent_fukusho_rank,3.570666505816736,2.1027138244333585,0.9690772734689345,-1.133636550964424,0.09090909090909088,10
f_style_course_fit,3.601358013354856,2.014554842855352,0.7547104323258411,-1.259844410529511,0.06666666666666665,10
f_last2_pos3c,3.1678485194428774,2.013313200789033,0.6113579664418153,-1.401955234347218,0.13939393939393938,10
f_weight_load,2.4304819622055795,1.959274236423116,0.6216825848691608,-1.337591651553955,0.5151515151515151,10
f_blood,2.737012698259508,1.928284904617903,0.7642799122933988,-1.1640049923245042,0.16363636363636364,10
rl_f_late_speed_rank,1.2942952331172832,1.9202409622703365,0.8891399423781411,-1.0311010198921955,0.5393939393939393,10
f_late_speed,2.4435900615347674,1.8795173720256282,0.5569238348185874,-1.3225935372070408,0.5878787878787878,10
cl_f_style_course_fit_rank,2.7524771841556555,1.8106283397316336,0.3681981639402083,-1.4424301757914253,0.22424242424242422,10
f_speed_fig_last,3.9547814948315536,1.659190271176342,0.5427838783149024,-1.1164063928614396,0.19999999999999998,10
cl_f_pace_fit_rank,1.7612722349201935,1.6411007295287428,0.22644602959794874,-1.414654699930794,-0.0303030303030303,10
f_pace_prob_slow,0.6730246273087293,1.6373283145482946,0.5333884379818159,-1.1039398765664787,0.4787878787878787,10
f_finish_time_avg,1.449005762028724,1.6271779624063052,0.6113177478029657,-1.0158602146033395,0.06666666666666665,10
cl_f_style_total_fit_rank,1.8733796585270963,1.6109309868303534,0.36558832808888003,-1.2453426587414733,0.10303030303030303,10
f_course_fit_score,1.3587456407881269,1.6075053952143077,0.6894613918636213,-0.9180440033506863,0.406060606060606,10
cl_f_style_course_fit_vs_field,1.1943669959154013,1.521473164681042,0.2963034606484781,-1.2251697040325638,0.13939393939393938,10
f_stamina_score,3.337738370249488,1.2554544954725995,0.11995136770007417,-1.1355031277725254,0.21428571428571433,7
f_course_speed_demand,0.5025597333841303,1.1965631982136369,0.14804423563363617,-1.0485189625800007,0.01818181818181818,10
f_course_stamina_demand,0.4810766856658372,1.1337749750058612,0.14000079076185382,-0.9937741842440074,-0.006060606060606061,10
f_course_hill_diff,0.4810766856658372,1.1337749750058612,0.14000079076185382,-0.9937741842440074,-0.006060606060606061,10
f_pace_prob_fast,0.9760271164276879,0.8292670429196684,0.0453235179252912,-0.7839435249943771,-0.13939393939393938,10
f_class_level,1.6855884191904644,0.8202297623732386,0.10702600738222992,-0.7132037549910087,-0.10714285714285716,7
