drop,win,seed,n_feat,auc3,auc1,ll,ece,brier,trees
(なし),W2,42,131,0.7831272317314004,0.8022499548145136,0.4351988136768341,0.01402724209334901,0.1396455466747284,510
(なし),W1,42,131,0.769266974245738,0.7873195470606587,0.4551553726196289,0.015002764525891867,0.14747104048728943,1008
(なし),W1,7,131,0.7694338378145825,0.7885882651982816,0.4552043080329895,0.013010340391164823,0.1475452482700348,1264
(なし),W2,7,131,0.7808910129198379,0.7996689692437455,0.4391443729400635,0.018591478927262137,0.14046388864517212,665
(なし),W1,2026,131,0.7699775864022816,0.7880353779852342,0.4554201066493988,0.012621335339866034,0.14764650166034698,1551
(なし),W2,2026,131,0.7805686633429754,0.8001210594490382,0.4399101734161377,0.016899643567288035,0.14033426344394684,848
(なし),W3,42,131,0.8039630803321733,0.8000583984940561,0.41601690649986267,0.015204514986720269,0.132475808262825,1023
(なし),W3,2026,131,0.8034282739460108,0.7989981068993164,0.4171019196510315,0.013703399255728384,0.13284868001937866,990
(なし),W3,7,131,0.8032263504362006,0.7982213196216514,0.4157039523124695,0.011232647669748474,0.1327114999294281,1430
スピード能力,W1,42,104,0.7659080560699592,0.7835198492286424,0.45799627900123596,0.010838226205946981,0.14825645089149475,996
スピード能力,W2,42,104,0.7796668099538127,0.7959854107360717,0.4432726204395294,0.017281397191751882,0.140924334526062,681
スピード能力,W1,7,104,0.766605334069822,0.7849943284034506,0.45770108699798584,0.015627596226372407,0.14814813435077667,1207
スピード能力,W2,7,104,0.7805431804277818,0.7958644454234632,0.4432846009731293,0.015395240768730289,0.14041657745838165,470
スピード能力,W1,2026,104,0.7667185895787288,0.784593680570517,0.45642587542533875,0.013815405790099761,0.1479182094335556,1197
スピード能力,W2,2026,104,0.7799029454343824,0.795824437440694,0.44216105341911316,0.017458690226047117,0.14080870151519775,532
スピード能力,W3,7,104,0.7994266211682225,0.7923375743380332,0.4196450114250183,0.012639677636976189,0.13322466611862183,1144
スピード能力,W3,2026,104,0.7990869661760476,0.7923409695993154,0.41890424489974976,0.011516772784671878,0.13334934413433075,1324
スピード能力,W3,42,104,0.7983350705559088,0.7909207803086488,0.41777345538139343,0.0118540952631555,0.1332903355360031,1929
近走成績,W1,42,109,0.764067603156497,0.7832138412782126,0.45935723185539246,0.011592434348143001,0.14889709651470184,1154
近走成績,W2,42,109,0.776525250127833,0.7936978954859698,0.44740116596221924,0.020231210582037567,0.14151404798030853,726
近走成績,W1,7,109,0.7647757045558029,0.7845551109954212,0.45930925011634827,0.018170199415352754,0.14863857626914978,1228
近走成績,W2,7,109,0.7747349358304855,0.7922164234181314,0.4464329779148102,0.0202683061753569,0.14189128577709198,903
近走成績,W1,2026,109,0.7649957690347631,0.7839475127551453,0.4586448669433594,0.0175376828254971,0.14841312170028687,1309
近走成績,W2,2026,109,0.7761986688989949,0.7936352947599897,0.4398405849933624,0.019860791110489592,0.1411305069923401,809
近走成績,W3,42,109,0.8000109307672293,0.7944482142623286,0.4170115292072296,0.010780959523983644,0.13336005806922913,1112
近走成績,W3,2026,109,0.8001321611786457,0.7940561828435507,0.419544517993927,0.01354531278796724,0.1334800124168396,1178
近走成績,W3,7,109,0.80042975274719,0.7948030190663322,0.41746100783348083,0.014155875041006535,0.13338163495063782,1423
コース適性,W1,42,111,0.7697055424626729,0.7871404618969978,0.4552426338195801,0.01597967382572194,0.14751560986042023,1133
コース適性,W1,7,111,0.7694725849060061,0.7880613742186686,0.4549083709716797,0.016530113065277657,0.14739878475666046,1263
コース適性,W2,42,111,0.7802946755029759,0.799312662856024,0.43858787417411804,0.019225748443448373,0.14037837088108063,905
コース適性,W1,2026,111,0.769747987831649,0.7881687573528562,0.4556136727333069,0.016874582737687507,0.14764463901519775,1264
コース適性,W2,7,111,0.7833806193315627,0.8009758182338499,0.43533527851104736,0.01503270788650596,0.13976116478443146,486
コース適性,W2,2026,111,0.7797485133881099,0.7991449823400057,0.4430575370788574,0.01713674230282997,0.14059776067733765,857
コース適性,W3,42,111,0.8019277256907749,0.7976267851192488,0.4153730571269989,0.013046012076915088,0.1328783929347992,1230
コース適性,W3,2026,111,0.8033508238326589,0.7987233332541106,0.41527900099754333,0.01224665867319421,0.13266651332378387,1016
コース適性,W3,7,111,0.8027091897039421,0.7972192325060373,0.41600462794303894,0.012225924729678372,0.13279859721660614,1273
ペース適性,W1,42,113,0.7687305882839925,0.7878236700972633,0.4556247293949127,0.0174205780626134,0.14771436154842377,1071
ペース適性,W2,42,113,0.7816732175119337,0.8004484188845209,0.4369758665561676,0.014780567868313034,0.14017564058303833,493
ペース適性,W1,7,113,0.7693729010578432,0.7884832608044084,0.4561774432659149,0.01688532108167335,0.14783285558223724,1159
ペース適性,W1,2026,113,0.7688056056387537,0.7876420362832659,0.4554193615913391,0.016541150803949262,0.14754627645015717,1249
ペース適性,W2,2026,113,0.7810999449234219,0.8007901341255855,0.43691813945770264,0.016617041580225835,0.1401781290769577,560
ペース適性,W2,7,113,0.7793882649501475,0.7989876568312925,0.4393478333950043,0.0211034770588912,0.14108750224113464,693
ペース適性,W3,42,113,0.802729887579062,0.7984463769409376,0.4164389371871948,0.015015013151565134,0.13266612589359283,1261
ペース適性,W3,2026,113,0.8027199201691542,0.7970522584065456,0.41647231578826904,0.012526082374051213,0.13266216218471527,1078
ペース適性,W3,7,113,0.8026132354994693,0.7970669307856586,0.41752442717552185,0.01396097600725201,0.1330765336751938,1110
距離適性,W1,42,122,0.7685460476270289,0.7866035462260604,0.4551650881767273,0.015411564732045222,0.1476631462574005,1079
距離適性,W2,42,122,0.7805778706736473,0.7996404929736568,0.4376962184906006,0.015154797075121695,0.1404183804988861,572
距離適性,W2,7,122,0.7814124361462317,0.7998220586131067,0.43668365478515625,0.016125541834277085,0.13998886942863464,490
距離適性,W1,7,122,0.7693027695009496,0.7870568661659532,0.45710572600364685,0.013488726200349046,0.1475507766008377,1352
距離適性,W1,2026,122,0.7688101860742547,0.7867994524819436,0.4552593231201172,0.0180078245949633,0.1475578099489212,1277
距離適性,W2,2026,122,0.7817715220424427,0.8007322402211078,0.4370083212852478,0.015806329022171616,0.1400151550769806,513
距離適性,W3,42,122,0.8024255715856519,0.7990210249129722,0.41806137561798096,0.014707685143656937,0.1332104653120041,1215
斤量・馬体,W1,42,124,0.7696609256279778,0.7875236089976192,0.45767033100128174,0.013817710786676417,0.1474040299654007,1207
距離適性,W3,2026,122,0.8017443062720858,0.7991208213428064,0.4177762567996979,0.012384919235887701,0.13295961916446686,1624
距離適性,W3,7,122,0.8013182352667374,0.7990441854452909,0.41672927141189575,0.011878861950567962,0.1330333948135376,1800
斤量・馬体,W2,42,124,0.7805726624866006,0.7994522201135662,0.44061070680618286,0.01597656752817229,0.14080354571342468,605
斤量・馬体,W1,7,124,0.7698403090538585,0.7879449858532914,0.45770537853240967,0.015033958499120053,0.1472862809896469,1537
斤量・馬体,W2,7,124,0.7781178393240815,0.7962995910713478,0.44055211544036865,0.020375088999237814,0.1411784589290619,779
斤量・馬体,W1,2026,124,0.7696587202331069,0.787737185895837,0.4572107195854187,0.014841054824582617,0.1472080945968628,1184
斤量・馬体,W2,2026,124,0.7797315402785374,0.7976709235160333,0.4406820833683014,0.018310113762394338,0.1408415585756302,641
斤量・馬体,W3,42,124,0.8014683663977914,0.7968588497727842,0.41647449135780334,0.01371361131448046,0.13290506601333618,1028
斤量・馬体,W3,7,124,0.8005120673381045,0.795107137469764,0.41681015491485596,0.01245635331048666,0.13324205577373505,1526
斤量・馬体,W3,2026,124,0.8015886906810346,0.7964629380553981,0.41579127311706543,0.014048047271260317,0.13275641202926636,1076
クラス適性,W1,42,125,0.7684613604639879,0.787550114961121,0.45664718747138977,0.012922564229024555,0.14776729047298431,1546
クラス適性,W1,7,125,0.7684068363169498,0.7871924543638671,0.45592403411865234,0.013611071266559137,0.1475886106491089,1162
クラス適性,W2,42,125,0.7800542153670907,0.8004694819107436,0.44226089119911194,0.01754912553095362,0.1407678723335266,782
クラス適性,W1,2026,125,0.7678825630624182,0.7857902719036107,0.45594966411590576,0.019983024728345792,0.1479644775390625,830
クラス適性,W2,7,125,0.782168413796413,0.8012306926181978,0.4376605451107025,0.0161404991582154,0.14016306400299072,443
クラス適性,W2,2026,125,0.7813793734588185,0.8012019810070339,0.4363892376422882,0.015601446938978627,0.1400095671415329,526
クラス適性,W3,42,125,0.8028728650666415,0.7972294182898844,0.4180212914943695,0.010973657833433273,0.13278236985206604,1297
クラス適性,W3,2026,125,0.8035358647438692,0.7972842275077279,0.41556262969970703,0.008646470929161962,0.13234801590442657,1105
クラス適性,W3,7,125,0.8024777931830165,0.7975657916754983,0.41793227195739746,0.01393498085683973,0.13292787969112396,1400
実力レーティング,W1,42,126,0.7683604551663582,0.7884528469103901,0.4564054310321808,0.01814171726640263,0.14778916537761688,1367
実力レーティング,W1,7,126,0.7683462049225771,0.7867090603500012,0.4557822644710541,0.01619418514761028,0.1477542221546173,851
実力レーティング,W2,42,126,0.7784267964199666,0.7982642183663942,0.44119662046432495,0.016208899058280306,0.14061573147773743,646
実力レーティング,W1,2026,126,0.7685027201001046,0.7871756332716446,0.45614591240882874,0.014030536324741048,0.14781026542186737,1313
実力レーティング,W2,7,126,0.7787210589881124,0.7990189571942825,0.4415190815925598,0.017374036142968625,0.1407153606414795,749
実力レーティング,W2,2026,126,0.7791466422725106,0.7989683588631331,0.43994712829589844,0.01691793164105539,0.14068949222564697,667
実力レーティング,W3,42,126,0.80440741697386,0.8005761758396117,0.413699209690094,0.011344497473736915,0.13215306401252747,1115
実力レーティング,W3,7,126,0.8035982922059242,0.7993109559746169,0.4159415066242218,0.012026249501108548,0.13221855461597443,980
騎手,W1,42,127,0.7687942733020325,0.7860076717773337,0.4574597477912903,0.013298627421318574,0.14714495837688446,683
実力レーティング,W3,2026,126,0.8034721019350319,0.7988392571750359,0.4170345366001129,0.01664537364034153,0.1329321712255478,1982
騎手,W1,7,127,0.7694065248473358,0.7870428485891011,0.4564661979675293,0.013402577567046407,0.1467100828886032,1370
騎手,W2,42,127,0.7779416444962205,0.7945281787989698,0.43919888138771057,0.020998825427197693,0.1410491168498993,1026
騎手,W1,2026,127,0.7700316355411937,0.787472041305806,0.45492205023765564,0.011656964879665156,0.14685367047786713,1440
騎手,W2,7,127,0.7780521324642852,0.7942765991896735,0.4386254549026489,0.019184219989469863,0.14109830558300018,794
騎手,W2,2026,127,0.7777031374304776,0.7950901732863405,0.4394201934337616,0.016135409756826032,0.14114047586917877,903
騎手,W3,7,127,0.7981824594951168,0.7879290700815882,0.41906264424324036,0.011083463946380236,0.13369335234165192,1416
騎手,W3,42,127,0.7989416995225563,0.7882940606694387,0.41737908124923706,0.011016497145482248,0.1335473358631134,1969
騎手,W3,2026,127,0.7984607839172361,0.7885850830650674,0.4189554452896118,0.007908641400551633,0.13373716175556183,1586
馬場適性,W1,42,127,0.7698064477603027,0.7874355956059909,0.4567408859729767,0.017886291279228986,0.14769569039344788,1143
馬場適性,W2,42,127,0.7820929880875742,0.8017687999864443,0.4397123157978058,0.013997785691895578,0.14026860892772675,575
馬場適性,W1,7,127,0.7692380666083537,0.7877540069880594,0.454860121011734,0.015554395564509325,0.1473848521709442,1160
馬場適性,W1,2026,127,0.7705448139630674,0.7887743166728627,0.454209566116333,0.015203738331015525,0.1472850888967514,1414
馬場適性,W2,7,127,0.7803496404769882,0.7993757342641543,0.43768057227134705,0.01649829837933088,0.14039890468120575,747
馬場適性,W2,2026,127,0.7830964011241501,0.802192766933261,0.43667539954185486,0.015773399157327117,0.13974615931510925,526
馬場適性,W3,7,127,0.8034504502407821,0.7989696109564111,0.4182475209236145,0.01651106809635706,0.13272984325885773,892
馬場適性,W3,42,127,0.8032154768981191,0.7985656961231452,0.41694146394729614,0.01147021431773726,0.13290028274059296,1518
馬場適性,W3,2026,127,0.803612170274265,0.7990667396809523,0.4165152609348297,0.01013253459257155,0.13259033858776093,1143
厩舎,W1,42,128,0.7689326024541634,0.7869943392776922,0.45471516251564026,0.013638184849568557,0.1472531408071518,1567
厩舎,W1,7,128,0.768797530500611,0.7876323514119863,0.4561813473701477,0.011138311273980461,0.14786849915981293,1288
厩舎,W2,42,128,0.7861592336227163,0.8065950570843312,0.4325494170188904,0.014438812066804987,0.13898220658302307,1120
厩舎,W2,7,128,0.785705981844632,0.8061051946364828,0.4322608411312103,0.013212287969494734,0.1389615535736084,779
厩舎,W1,2026,128,0.7691541937449574,0.7878533193961806,0.45594945549964905,0.012748382097162529,0.14730332791805267,1528
厩舎,W2,2026,128,0.7857840116469944,0.8062902903920594,0.4348466992378235,0.018309447865367024,0.1388564556837082,1124
厩舎,W3,42,128,0.8035824111174106,0.7987914809984201,0.4140823185443878,0.01089280172555239,0.13203389942646027,1205
厩舎,W3,7,128,0.8030161286999599,0.798922441076453,0.41608232259750366,0.010632443798163341,0.13240541517734528,1100
厩舎,W3,2026,128,0.803852914222664,0.7989161355912144,0.41346895694732666,0.011401541071614629,0.1323617845773697,1102
血統,W2,42,128,0.7799030384377224,0.7992750082840059,0.4405258297920227,0.018821250884105793,0.14061275124549866,677
血統,W1,42,128,0.768587576908905,0.7851805497880543,0.4561617374420166,0.015185177177349721,0.14793159067630768,918
血統,W1,2026,128,0.7694073391469803,0.787050749405145,0.4552672207355499,0.014383363926789527,0.14744217693805695,1306
血統,W1,7,128,0.7695479076231341,0.7883138605120272,0.4539455771446228,0.01558206390197019,0.1469256728887558,1514
血統,W2,7,128,0.7822815988613415,0.8006621085807238,0.4366266429424286,0.020405398213229523,0.14011935889720917,480
血統,W2,2026,128,0.7808382800259888,0.7998452397090055,0.4394441545009613,0.016307598808786017,0.1402643322944641,526
血統,W3,2026,128,0.8032468575474946,0.798349369475728,0.4184843897819519,0.01579799950064655,0.13261286914348602,986
血統,W3,7,128,0.8030766008327986,0.7975289288387187,0.4166214168071747,0.010039261728453371,0.13260114192962646,1070
血統,W3,42,128,0.8038414207021483,0.7987046593170577,0.41361185908317566,0.009584663845886379,0.13246461749076843,1322
ローテーション,W1,42,129,0.7697820527001158,0.7880460823166484,0.45493122935295105,0.014500295108200726,0.14746078848838806,1186
ローテーション,W2,42,129,0.7807014721126695,0.7993877366589851,0.4386444091796875,0.017827520566497716,0.1401612013578415,658
ローテーション,W2,7,129,0.7806147464980058,0.8007188257798262,0.4401625394821167,0.016546266097245195,0.1404246687889099,763
ローテーション,W1,7,129,0.7695972406099376,0.7885863961880347,0.45558953285217285,0.013972155030394175,0.14769089221954346,1300
ローテーション,W1,2026,129,0.7697218963138692,0.7879310532314507,0.4548724591732025,0.009619374279315482,0.14762668311595917,1312
ローテーション,W2,2026,129,0.7817830079549477,0.8014260257105418,0.43715396523475647,0.01675749764920937,0.14016397297382355,559
ローテーション,W3,7,129,0.8032501482234927,0.7988751499371632,0.41672247648239136,0.011985275882369344,0.13229775428771973,1108
ローテーション,W3,42,129,0.8028369060854423,0.7988957640235204,0.4163971543312073,0.01242586834010336,0.1326601207256317,1432
ローテーション,W3,2026,129,0.8031860992689166,0.7981783938182964,0.4150182604789734,0.012569247023257277,0.13250532746315002,1489
枠順,W1,42,130,0.76846231048024,0.7864834198401893,0.4547500014305115,0.013126906257348116,0.14751534163951874,972
枠順,W2,7,130,0.7819935675169838,0.80032180538611,0.4359820783138275,0.015848174078047363,0.1399383544921875,529
枠順,W2,42,130,0.7800085042254207,0.7996828543671772,0.44174256920814514,0.021108698232822416,0.140628844499588,833
枠順,W1,2026,130,0.7692056981974799,0.78817249537335,0.45516595244407654,0.014459586393680257,0.14760877192020416,1285
枠順,W1,7,130,0.7692385755456317,0.7887919873151973,0.45556601881980896,0.013239814817233818,0.14762146770954132,1541
枠順,W2,2026,130,0.780855253135561,0.8005145497266279,0.4387592375278473,0.018268316533182543,0.14048120379447937,758
枠順,W3,42,130,0.8031340207444215,0.798901099434107,0.4150398373603821,0.009425043967970791,0.13261882960796356,1427
枠順,W3,7,130,0.8030440756004673,0.7982836469180485,0.41414114832878113,0.008069980281316046,0.13220331072807312,1431
枠順,W3,2026,130,0.8031573416221488,0.7985615733058736,0.41604965925216675,0.013092829833914237,0.1325283646583557,1391
