only,win,seed,n_feat,auc3,auc1,ll,ece,brier,trees
スピード能力,W2,42,27,0.7359227354291202,0.7465249536848765,0.4627358317375183,0.019559998153294917,0.14943230152130127,656
スピード能力,W1,7,27,0.7212777175723828,0.7266721185129204,0.49378907680511475,0.012710036580104334,0.15739983320236206,833
スピード能力,W1,42,27,0.7214205593017109,0.7262558389579215,0.48909687995910645,0.019483653681992362,0.157049760222435,1011
スピード能力,W1,2026,27,0.7211710103897849,0.7256027048316294,0.48965907096862793,0.01726260819841091,0.15719875693321228,1032
スピード能力,W2,7,27,0.736515957234088,0.7476950695103399,0.46208426356315613,0.019886144617586244,0.14907801151275635,841
スピード能力,W2,2026,27,0.7362318785316856,0.7479957177337971,0.4624286890029907,0.01715340428021543,0.14940638840198517,956
スピード能力,W3,7,27,0.7573045853519326,0.7401859972634195,0.45493292808532715,0.01446429568785584,0.14264105260372162,1350
スピード能力,W3,42,27,0.7571915100940771,0.7395594502974976,0.45036402344703674,0.011571703682254974,0.14256492257118225,1371
スピード能力,W3,2026,27,0.7575532936900667,0.7403614595161171,0.4538668394088745,0.011966136086565672,0.14263539016246796,1092
近走成績,W1,42,22,0.7411869028045159,0.74733946391349,0.4757721424102783,0.00738064641740792,0.15361765027046204,918
近走成績,W1,7,22,0.7414437804132435,0.7467763820990956,0.4773719608783722,0.0063586456909206866,0.15355733036994934,681
近走成績,W1,2026,22,0.7416837613043451,0.7475501523413262,0.47839853167533875,0.011997702529173213,0.15350046753883362,661
近走成績,W2,42,22,0.7636294534881926,0.7716050167186299,0.4499133229255676,0.008277675226390703,0.14418573677539825,622
近走成績,W2,7,22,0.7637331987140985,0.7719170789842302,0.4533688724040985,0.011004141347095656,0.1442851424217224,778
近走成績,W2,2026,22,0.7637064602538136,0.7727859582335487,0.4526747465133667,0.009016299598138202,0.14450296759605408,762
近走成績,W3,42,22,0.7758064349979894,0.7616977664516172,0.4372880458831787,0.009621344870591879,0.13874772191047668,841
近走成績,W3,7,22,0.7758315204411069,0.7619856361046264,0.4375244677066803,0.009402744705004842,0.13888467848300934,792
近走成績,W3,2026,22,0.7759296207386222,0.761899541979253,0.44135409593582153,0.015093368218789835,0.13892632722854614,678
コース適性,W1,42,20,0.6999459169319361,0.7160741507727167,0.49283918738365173,0.011127811943678767,0.16090761125087738,620
コース適性,W1,7,20,0.7011136904806335,0.7167319574246263,0.492856502532959,0.012221756231574853,0.16073760390281677,759
コース適性,W1,2026,20,0.70254913110835,0.7179303328129556,0.49217259883880615,0.005673955522413238,0.1606234312057495,1065
コース適性,W2,42,20,0.7066051065157954,0.7171843934978086,0.4803314507007599,0.019824051217516903,0.15528351068496704,1711
コース適性,W2,7,20,0.7067560509368134,0.716682057972979,0.4804188907146454,0.017842050034008985,0.15524251759052277,1917
コース適性,W2,2026,20,0.7064198438622725,0.7171173212914013,0.48047754168510437,0.015380138582150083,0.1555338203907013,1396
コース適性,W3,42,20,0.7323777623555823,0.7181648176235401,0.46116670966148376,0.015467322218216648,0.1476891189813614,1771
ペース適性,W1,42,18,0.6674684916931258,0.6695398734646081,0.5064446330070496,0.011087153818078906,0.16549770534038544,806
コース適性,W3,7,20,0.7316363110549164,0.7181077044783981,0.4615730047225952,0.015137067633175306,0.147735595703125,1531
コース適性,W3,2026,20,0.7310729377858118,0.7161699803608386,0.461537629365921,0.01678309841985823,0.1477605253458023,1270
ペース適性,W1,7,18,0.6681020846749486,0.6704247648615199,0.505517303943634,0.011346950206020032,0.16520152986049652,543
ペース適性,W1,2026,18,0.667760723478091,0.669938397422261,0.5064325332641602,0.012568043389005822,0.16558825969696045,688
ペース適性,W2,7,18,0.6784503448656856,0.6981348278432967,0.49246925115585327,0.016499655024969063,0.15878725051879883,883
ペース適性,W2,42,18,0.6783057246717958,0.6977898178271805,0.49270519614219666,0.017528361629745755,0.15899492800235748,959
ペース適性,W2,2026,18,0.679191906998148,0.6977120376018555,0.4928766191005707,0.018094798993362835,0.15904900431632996,1016
ペース適性,W3,42,18,0.6942518471661271,0.6915360259048735,0.48231008648872375,0.015857552639561855,0.15508586168289185,1017
ペース適性,W3,2026,18,0.6928901749762117,0.6906786011717531,0.4825317859649658,0.01581362181297509,0.15517817437648773,798
ペース適性,W3,7,18,0.6930309109888357,0.6903784843262614,0.4824935793876648,0.01708950497825955,0.1551387459039688,954
距離適性,W1,42,9,0.6899248062136492,0.7077571401288733,0.5000340938568115,0.012001465381747406,0.16217420995235443,720
距離適性,W1,7,9,0.6906514329298705,0.7091858285526318,0.5014801621437073,0.015543358475707134,0.16237536072731018,822
距離適性,W1,2026,9,0.6897016881110216,0.7080177821033093,0.5025445222854614,0.016501783215331894,0.16242076456546783,716
距離適性,W2,42,9,0.6988400251406629,0.7124268559938548,0.5018132925033569,0.021863336359744065,0.15601004660129547,1386
距離適性,W2,7,9,0.6991704660081162,0.7121357390839396,0.5002297759056091,0.02106475673909159,0.15578041970729828,1348
距離適性,W3,42,9,0.7173786703913939,0.7140246602677308,0.4658054709434509,0.017646723181284713,0.1490800678730011,1116
斤量・馬体,W1,42,7,0.5903755549961016,0.5917938896278087,0.5299593210220337,0.009832404610130255,0.1738504320383072,365
距離適性,W2,2026,9,0.6991770227435948,0.7118154398807104,0.5013654828071594,0.022072032975555444,0.15590299665927887,1758
距離適性,W3,2026,9,0.716524000760003,0.7131971865894939,0.4674336910247803,0.014386705531660764,0.14958272874355316,909
距離適性,W3,7,9,0.7176088269474507,0.7140470932440606,0.4666334092617035,0.017975510258978873,0.1493823230266571,1290
斤量・馬体,W1,7,7,0.590739411220642,0.5920682093590518,0.5291193723678589,0.009536888488285022,0.17352087795734406,439
斤量・馬体,W1,2026,7,0.5898378118682817,0.5902505119388977,0.5297892689704895,0.00839577656014718,0.17378593981266022,419
斤量・馬体,W3,42,7,0.5922218148354739,0.5957062313230315,0.5251508951187134,0.008631241432605574,0.165833979845047,200
斤量・馬体,W3,7,7,0.592312713798558,0.5964204487856363,0.5235896706581116,0.011806267506903619,0.16594186425209045,158
斤量・馬体,W2,7,7,0.5772824275211019,0.5878585891961502,0.5180836319923401,0.019808035876471244,0.16824892163276672,906
斤量・馬体,W2,2026,7,0.5774138412406943,0.5878255237750968,0.518496036529541,0.021044111857583016,0.1683708280324936,600
斤量・馬体,W2,42,7,0.5769886764713268,0.5895610465335201,0.5183002352714539,0.019546768492338086,0.16834205389022827,1114
斤量・馬体,W3,2026,7,0.5931658096283845,0.597475768747784,0.5262148976325989,0.0122133584011354,0.16586478054523468,164
クラス適性,W2,42,6,0.7319078742393955,0.7402473481767655,0.46946102380752563,0.018636416916006027,0.15102437138557434,632
クラス適性,W1,42,6,0.725315931297539,0.75234271938952,0.4910200834274292,0.018532241516841443,0.15697452425956726,871
クラス適性,W1,7,6,0.7252914683790483,0.7528057242006923,0.4888441562652588,0.017335679856865727,0.15675440430641174,829
クラス適性,W1,2026,6,0.7250233602210552,0.7518960259405029,0.4896748960018158,0.0166022142183662,0.1569889634847641,804
クラス適性,W3,7,6,0.7481061444265298,0.7474785334605425,0.45310530066490173,0.020484495730222915,0.14429016411304474,475
クラス適性,W3,42,6,0.7484227169957596,0.7476250147330088,0.4526333212852478,0.017595373739251786,0.14413349330425262,648
クラス適性,W2,2026,6,0.7321091799690893,0.7403587821758317,0.46986690163612366,0.01377844740106754,0.15111392736434937,709
クラス適性,W2,7,6,0.7320854641173583,0.7406393087373669,0.46919503808021545,0.013614746574375685,0.151369109749794,824
クラス適性,W3,2026,6,0.7484471347654864,0.7477850770506044,0.4528263211250305,0.019169572202680032,0.14414146542549133,591
実力レーティング,W1,7,5,0.7212013430515473,0.7212784098053034,0.483569860458374,0.013174553526372467,0.15741027891635895,489
実力レーティング,W1,2026,5,0.721240972300919,0.7213553790454726,0.4842093586921692,0.015556477484622466,0.15770982205867767,513
実力レーティング,W1,42,5,0.7211262239093303,0.7215401561948853,0.48418474197387695,0.013686373203050627,0.157806396484375,674
実力レーティング,W3,42,5,0.7534591204566734,0.7345942444500817,0.4514882564544678,0.008135966622240108,0.14365831017494202,465
実力レーティング,W2,42,5,0.7423835844640524,0.7377347291883181,0.4622916281223297,0.01739287581709321,0.14919090270996094,1060
実力レーティング,W2,7,5,0.7426013982866181,0.7377837978024792,0.46125781536102295,0.01427000995098188,0.14886748790740967,861
実力レーティング,W2,2026,5,0.7422014374224236,0.7374283151085205,0.460275262594223,0.01524789998227959,0.14896756410598755,851
騎手,W1,42,4,0.6533874525924925,0.6631644246472838,0.515377938747406,0.01394231949918915,0.16763730347156525,120
実力レーティング,W3,7,5,0.7533684122574151,0.7343346282213148,0.4504566192626953,0.01141461169535578,0.1436668187379837,494
騎手,W1,7,4,0.6538594749531608,0.663433477167831,0.5144700407981873,0.013813486185217045,0.1673375815153122,139
騎手,W1,2026,4,0.6534393302656856,0.6632876094135589,0.5139278173446655,0.011507476594194344,0.1675182729959488,125
実力レーティング,W3,2026,5,0.7538386450884801,0.7345705988804367,0.45040979981422424,0.008637569124565979,0.1437099426984787,611
騎手,W2,42,4,0.6518565047745124,0.6846486075339268,0.4996061623096466,0.023700297612349788,0.16214118897914886,285
騎手,W2,2026,4,0.6515936773353278,0.6838835136987332,0.5005424618721008,0.024424204466295105,0.16232256591320038,277
騎手,W2,7,4,0.6508362581333745,0.683320107164912,0.49981263279914856,0.02531159598617813,0.16219165921211243,335
騎手,W3,2026,4,0.6934682370599173,0.7240251598561767,0.4793977737426758,0.009880464492432448,0.15385061502456665,266
騎手,W3,7,4,0.6932379851219477,0.7237838537864681,0.4788067638874054,0.013137161858112898,0.1536264568567276,353
騎手,W3,42,4,0.6928592235454449,0.7228141429123679,0.4787541627883911,0.008216294686727733,0.15362314879894257,563
馬場適性,W1,42,4,0.6080476555295358,0.6184817418088077,0.5244372487068176,0.011195022796609059,0.17147746682167053,373
馬場適性,W2,42,4,0.610253832156128,0.637766900313286,0.516878068447113,0.007544193624340926,0.16572077572345734,213
馬場適性,W1,7,4,0.6079379625815742,0.6175926026613346,0.5246757864952087,0.011923679144426042,0.17155461013317108,420
馬場適性,W2,7,4,0.6099791932927479,0.6354287867320351,0.5157239437103271,0.007977669227877215,0.16573502123355865,412
馬場適性,W3,42,4,0.6029189917597658,0.5963925591393886,0.5063698887825012,0.008076186122917228,0.16346217691898346,69
馬場適性,W1,2026,4,0.6078345125975548,0.6174624515841391,0.5245980024337769,0.010604511011958754,0.17151422798633575,463
馬場適性,W3,7,4,0.6031330764634828,0.5966656351539532,0.5066385269165039,0.013287066947374034,0.16353139281272888,64
馬場適性,W3,2026,4,0.6030994543391521,0.5971225403150899,0.506249725818634,0.015968308137600775,0.16342793405056,74
馬場適性,W2,2026,4,0.6098677287896118,0.6357513216754778,0.514980673789978,0.009186819199494687,0.16583628952503204,347
厩舎,W1,42,3,0.6107304674962118,0.6232652186708006,0.5298466682434082,0.009607433004512817,0.1719028502702713,101
厩舎,W1,7,3,0.611343940490982,0.6236381711700751,0.5295805931091309,0.011494236189809664,0.17183928191661835,116
厩舎,W1,2026,3,0.6101139748069261,0.6228037430498305,0.53001469373703,0.014316487405724242,0.1720050424337387,102
厩舎,W2,42,3,0.5735525750671809,0.5821808680885033,0.5168656706809998,0.023675977046439048,0.16744591295719147,98
厩舎,W2,7,3,0.5771220432610616,0.5839580462172217,0.5167535543441772,0.0266689718601993,0.16740219295024872,87
厩舎,W2,2026,3,0.5675788775278076,0.5771931670130888,0.5176095366477966,0.0285112974631491,0.16768579185009003,110
厩舎,W3,42,3,0.6225141088925703,0.6240723054842685,0.5037222504615784,0.02013221504960215,0.16279985010623932,252
厩舎,W3,7,3,0.6223427075949184,0.6237053747471137,0.5038191676139832,0.02108132744502502,0.1628081500530243,287
厩舎,W3,2026,3,0.622526556232216,0.6236505655292703,0.503313422203064,0.020564760235098737,0.1627078354358673,300
血統,W2,42,3,0.5744640078003761,0.5863845303721777,0.5162615776062012,0.009430619326497308,0.16780325770378113,217
血統,W1,42,3,0.5910012085563892,0.6166884264768749,0.53850919008255,0.013870932541631954,0.17372889816761017,920
血統,W2,7,3,0.575758707298214,0.5865162037037037,0.5166437029838562,0.011846356379615581,0.16792826354503632,332
血統,W3,42,3,0.5726604628998695,0.562932259202007,0.5134053826332092,0.009504703109453625,0.16621823608875275,116
血統,W1,2026,3,0.5909453272432768,0.6164845344499368,0.5355469584465027,0.012444387618059046,0.17355535924434662,811
血統,W3,7,3,0.5721507419568248,0.562574544174047,0.5130767226219177,0.008033224079318859,0.16609062254428864,103
血統,W2,2026,3,0.5751483263769934,0.5866837665491844,0.5165894031524658,0.011142408323748139,0.16788288950920105,279
血統,W3,2026,3,0.5720103874718527,0.5628450737426499,0.5133546590805054,0.008299503583427566,0.16622811555862427,114
ローテーション,W1,42,2,0.5208083416855595,0.5326515240589194,0.5377408862113953,0.017829231367683974,0.17636309564113617,76
ローテーション,W1,7,2,0.5211482439288871,0.5320785025082118,0.5376615524291992,0.013794961052981084,0.17634226381778717,160
ローテーション,W1,2026,2,0.5207616212434492,0.5329890503185134,0.5378032326698303,0.014814011598556684,0.17639204859733582,137
ローテーション,W2,42,2,0.520548064963205,0.5214491032563674,0.5303555727005005,0.018379046259534355,0.17130187153816223,181
血統,W1,7,3,0.5915692164876678,0.6169514471916252,0.5361955165863037,0.013722349329519531,0.17388670146465302,1393
ローテーション,W2,7,2,0.5214360143530195,0.5219530861687226,0.5303248763084412,0.02032490095806829,0.17128725349903107,171
ローテーション,W2,2026,2,0.5207565784517584,0.5207475515114545,0.5301328897476196,0.017885630810978756,0.1712864339351654,169
ローテーション,W3,42,2,0.5299352795567563,0.525322343680958,0.5169629454612732,0.01815281806678497,0.167515829205513,141
ローテーション,W3,7,2,0.529763735186235,0.5253396837653642,0.5170286297798157,0.013974212658059705,0.16752874851226807,152
ローテーション,W3,2026,2,0.5294054330300697,0.5245991530278213,0.517084538936615,0.01703267526869562,0.16755300760269165,153
枠順,W1,42,1,0.5177685271830187,0.5147748658220553,0.5393866300582886,0.023762331198594878,0.17701539397239685,122
枠順,W1,2026,1,0.5154871310119913,0.5129269244179052,0.5394110083580017,0.023776150141968894,0.17702312767505646,175
枠順,W1,7,1,0.5133943809253022,0.5129779823796511,0.538962185382843,0.01914933133133129,0.1768527626991272,247
枠順,W2,42,1,0.5221778554955022,0.5237322646965795,0.5231531262397766,0.006211884972750281,0.16995561122894287,236
枠順,W2,7,1,0.519952425071394,0.5217513988673504,0.523097038269043,0.007406379158626064,0.16993975639343262,141
枠順,W2,2026,1,0.5216824732043427,0.5238813532676638,0.5227910876274109,0.005987417959468428,0.16981148719787598,257
枠順,W3,2026,1,0.5179307027510434,0.5103947136751907,0.518398106098175,0.010031605432012106,0.16789299249649048,282
枠順,W3,42,1,0.5184391837292192,0.5134926470766558,0.5186446309089661,0.010331023424573295,0.16798406839370728,463
枠順,W3,7,1,0.5196558277204257,0.513481127440162,0.5185675024986267,0.009464078131605212,0.1679503172636032,430
