axis,cond,TUNE_race,TUNE_horse,TUNE_ai3,TUNE_mk3,TUNE_d3,TUNE_ai1,TUNE_mk1,TUNE_d1,TUNE_field,TUNE_dll,CONF_race,CONF_horse,CONF_ai3,CONF_mk3,CONF_d3,CONF_ai1,CONF_mk1,CONF_d1,CONF_field,CONF_dll,CONF_lo,CONF_hi
競馬場,中山,191,2711,0.7902836889853183,0.8082940295851516,-0.018010340599833308,0.8354587384692097,0.8507666417352281,-0.015307903266018386,14.66875691626706,0.015908317119505633,201,2775,0.8094487659920165,0.8221412122933522,-0.012692446301335703,0.7948698620340412,0.8060764553301867,-0.011206593296145484,14.620900900900901,0.00982649678834513,-0.025270325246788745,-0.0015255602057532855
競馬場,阪神,263,3536,0.7815097746914136,0.7963509448952953,-0.01484117020388176,0.799021606670082,0.8238700323768963,-0.024848425706814226,14.233031674208144,0.007372974899667872,271,3599,0.793863448325797,0.8154032329985899,-0.021539784672792828,0.7816901876951461,0.7999280398453024,-0.018237852150156275,14.101972770213948,0.020018188470454668,-0.032402270116892506,-0.011398933048245628
競馬場,小倉,119,1618,0.7836873052155042,0.7996365873867389,-0.015949282171234702,0.762474703023304,0.7744630874364422,-0.011988384413138209,14.668726823238567,0.014730722571501598,102,1376,0.7649599931903304,0.7979230507320395,-0.03296305754170914,0.8093468156493366,0.8374849939975991,-0.028138178348262488,14.3125,0.014274231946349913,-0.05246158241312687,-0.011063186758964144
競馬場,中京,96,1329,0.7915723981900452,0.8101626963002395,-0.018590298110194303,0.8208299540416328,0.8339585022979183,-0.01312854825628551,14.683972911963883,0.01228223431596398,210,2832,0.7835034528495018,0.8031324337182648,-0.01962898086876297,0.8114337170972331,0.8305528984812787,-0.019119181384045558,14.339689265536723,0.014349546850744355,-0.03191416663201219,-0.007060682659429778
競馬場,福島,240,3383,0.7616660408061083,0.7902417907956774,-0.02857574998956902,0.7830005833068193,0.7959751829462297,-0.012974599639410389,14.724504877327815,0.01564025065821739,163,2248,0.7877604742190071,0.8132995938492971,-0.025539119630289986,0.8028846002014862,0.8216089209750921,-0.018724320773605863,14.70017793594306,0.016469666412673667,-0.04189354949523138,-0.008762223448819816
競馬場,東京,334,4670,0.8022599998261184,0.833231721232908,-0.03097172140678961,0.7990460258861275,0.8322696233546487,-0.033223597468521215,14.747751605995717,0.020310323491821325,161,2043,0.807220474603353,0.8284969541499707,-0.02127647954661771,0.8327744161745765,0.8531060403554389,-0.02033162418086243,14.888399412628488,0.016170304610214292,-0.03669403135103741,-0.00581560540877507
競馬場,京都,263,3382,0.7777602277602277,0.8083996333996335,-0.030639405639405815,0.7772038664044852,0.8070814595201494,-0.02987759311566418,13.727971614429332,0.02358801588442877,105,1074,0.848257928403648,0.8343330082856495,0.013924920117998507,0.8206916641043484,0.816759179842377,0.003932484261971347,14.30167597765363,-0.012191693819669946,-0.002707515310352306,0.029501191389261543
競馬場,函館,144,1739,0.7663329932840263,0.780340545212389,-0.014007551928362783,0.7994252873563219,0.8049481887843957,-0.005522901428073768,12.822886716503739,0.01000529479032769,143,1743,0.7529864858631982,0.7685557719804295,-0.015569286117231296,0.776499125874126,0.7962303321678321,-0.01973120629370617,12.779690189328743,0.012084163427924677,-0.033527510533062285,0.0009266004892940202
競馬場,札幌,24,264,,,,,,,,,166,2066,0.7528583722645685,0.7892872510449963,-0.036428878780427776,0.7834876347495243,0.8230342422320863,-0.039546607482562,12.882865440464666,0.02876514689917581,,
競馬場,新潟,72,1028,0.7696761692625023,0.7907089728218561,-0.021032803559353885,0.8241079730357973,0.8289313110181311,-0.0048233379823338085,14.98443579766537,0.0021793591528538325,209,2643,0.7913151468309694,0.8080229980151603,-0.016707851184190936,0.7969436708712644,0.8260080503615642,-0.02906437949029983,14.520242149073024,0.011062507249740228,-0.03356849209066181,-0.002572056359129565
芝ダート,ダート,818,11581,0.7873811053792613,0.8073048733721077,-0.019923767992846342,0.8103191848313572,0.8302835531975097,-0.019964368366152452,14.63802780416199,0.013587408256736211,807,10652,0.7971191493937811,0.8149296481822879,-0.017810498788506712,0.8049509158964648,0.8212950742900933,-0.01634415839362846,14.259857303792716,0.015239131933244943,-0.024062683269669975,-0.011669826908981468
芝ダート,芝,928,12079,0.7782850162636211,0.8036240641185358,-0.025339047854914698,0.7872399561706256,0.8070600530007193,-0.01982009683009367,14.051908270552198,0.016628114354937384,924,11747,0.7819618690044855,0.8037506803795356,-0.021788811375050066,0.7941918601884635,0.8184334832771177,-0.024241623088654185,14.11637013705627,0.013957758196884884,-0.02802797851444224,-0.01461988812746039
距離帯,ダ1800,214,2855,0.7886420232750964,0.805185092901898,-0.016543069626801632,0.8261756556387944,0.8575120228460615,-0.03133636720726718,13.833625218914186,0.015454631932054652,237,3033,0.7975191950977784,0.8144914150704495,-0.016972219972671176,0.8123975426532176,0.8278032167125654,-0.015405674059347785,13.95351137487636,0.01907370203142822,-0.028461641664256975,-0.004484975244617402
距離帯,ダ〜1200,195,2815,0.7952463428119338,0.8154166246651332,-0.020170281853199357,0.8268839303190448,0.8386592288119006,-0.011775298492855746,14.93747779751332,0.01400350718082971,215,2915,0.8008023617976663,0.8150153024095065,-0.014212940611840197,0.802895723440429,0.8157550096633099,-0.012859286222880906,14.485420240137222,0.010821245492741716,-0.027359907265858487,-0.002116452475558321
距離帯,芝2000,173,2156,0.7930902111324377,0.8068681141300839,-0.013777902997646141,0.7862670852535569,0.7798512792260224,0.006415806027534554,13.560296846011132,0.002339673614746074,188,2331,0.7888062356141453,0.7977458673362628,-0.008939631722117536,0.7956947788636566,0.8051883501460952,-0.009493571282438662,13.815958815958815,-0.0006804653213967615,-0.021802028191231733,0.0039273583424457095
距離帯,芝1800,180,2264,0.7896558391337973,0.8170694766692446,-0.027413637535447233,0.7994817292313731,0.8198757105004204,-0.020393981269047345,13.76148409893993,0.019050646942221305,164,1984,0.7842622950819673,0.812329726061645,-0.028067430979677677,0.8068950500280214,0.8350520983926066,-0.028157048364585213,13.475806451612904,0.01976050180632738,-0.04586342553475288,-0.012050036008883694
距離帯,芝2200-2400,63,782,0.7999946465376483,0.8281850870383753,-0.028190440500727054,0.8180894982007638,0.8579707265381813,-0.039881228337417474,13.49616368286445,0.016777637998686534,70,813,0.8031572556162719,0.8216540896868766,-0.01849683407060465,0.7973273456574816,0.826800662713638,-0.0294733170561563,13.760147601476016,0.02002777438761144,-0.03951228386952815,-0.0003381785202359604
距離帯,芝〜1200,186,2579,0.7569693841900191,0.788643969503014,-0.03167458531299483,0.7604752211872442,0.7985005549339697,-0.038025333746725454,14.702985653354013,0.01933492388353719,201,2711,0.7582962544146448,0.7924686775322238,-0.034172423117579065,0.7741546349793773,0.8203775033671942,-0.04622286838781686,14.644411656215418,0.020612471512974795,-0.05195357212225924,-0.014862043630318294
距離帯,ダ1400,164,2450,0.7822369587096198,0.8206091204300162,-0.03837216172039637,0.7855924673430144,0.8232915589151913,-0.03769909157217699,15.277551020408163,0.025399376290355213,116,1638,0.8047830205449263,0.8241517943023564,-0.01936877375743007,0.80268176212011,0.8127573448025047,-0.010075582682394724,15.376068376068377,0.013524685869295394,-0.03542991053258926,-0.005385724583286434
距離帯,芝1600,149,1959,0.7965685404164151,0.8217784938981807,-0.02520995348176558,0.8241647817864955,0.8425840780154993,-0.018419296229003734,14.120980091883615,0.022765263373726086,153,1984,0.7795834168132204,0.801061864161528,-0.021478447348307617,0.7819017081997337,0.8059833867731714,-0.02408167857343768,14.13508064516129,0.01567807321504089,-0.035116540074693156,-0.007685102302790195
距離帯,芝2500〜,90,1070,0.7480138888888889,0.7914768518518518,-0.043462962962962925,0.7916666666666667,0.8100736961451248,-0.01840702947845807,12.532710280373832,0.031285482423451916,61,711,0.7847376824304572,0.8058366502507365,-0.021098967820279313,0.8174361576188061,0.7848243982186143,0.03261175940019179,13.028129395218002,0.014629171999320068,-0.05340078795120607,0.008098304270442294
距離帯,ダ2000,21,289,,,,,,,,,26,310,,,,,,,,,,
距離帯,芝1400,87,1269,0.7478372255671106,0.7692863224472419,-0.021449096880131302,0.7302545850594161,0.7577698037614019,-0.02751521870198581,15.598896769109535,0.009155600388504492,87,1213,0.7999533324848331,0.8161596877518985,-0.016206355267065375,0.8188091695240559,0.8462670634663906,-0.027457893942334666,15.407254740313272,0.010447608889635973,-0.046063421464033465,0.009798983177985585
距離帯,ダ1700,128,1770,0.7749378081409332,0.7759402056277056,-0.0010023974867724439,0.8054987248781973,0.8012308731729598,0.004267851705237469,14.284745762711864,-0.0005258787145243637,152,1966,0.7885044470266998,0.8107123342950516,-0.022207887268351878,0.8006596905438199,0.8256067786343002,-0.024947088090480296,13.438453713123092,0.01700697330346429,-0.039335864990726783,-0.005576871519589351
距離帯,ダ2100〜,25,361,,,,,,,,,24,285,,,,,,,,,,
距離帯,ダ1600,71,1041,0.7889850715908193,0.8092700787668524,-0.0202850071760331,0.7821112240453028,0.8083200232321764,-0.026208799186873688,15.261287223823247,0.006350351921951991,37,505,,,,,,,,,,
頭数,13-15頭,518,7258,0.7783230803666823,0.8003167509851249,-0.021993670618442596,0.8110779562527114,0.8267870801653081,-0.015709123912596712,14.221548635987876,0.014887589315491723,560,7486,0.7864031862745098,0.8059516150210084,-0.019548428746498647,0.7994652571157156,0.8148354042694292,-0.015370147153713654,14.214266631044616,0.0123088674544094,-0.028542712363068202,-0.01072646204484167
頭数,16頭〜,682,10985,0.7761524334642792,0.8101900156112575,-0.034037582146978274,0.7859443894000068,0.8184913541965825,-0.032546964796575706,16.4117432862995,0.019354182852437396,588,9254,0.7850214997551015,0.8126281474494419,-0.027606647694340403,0.7958796311946366,0.8280250671411286,-0.032145435946491996,16.444564512643183,0.016575189793410328,-0.0355662948127521,-0.0204937333676174
頭数,〜9頭,200,1601,0.7744242928452579,0.7919251247920134,-0.017500831946755446,0.7836509635974305,0.8088062098501069,-0.0251552462526764,8.138038725796378,0.004551534799951518,180,1422,0.764223105717142,0.7803986717985463,-0.016175566081404247,0.7816849318176662,0.8188800399337463,-0.03719510811608007,8.164556962025317,0.010433972474161446,-0.03739747102451184,0.002422785353456093
頭数,10-12頭,346,3816,0.7693125138550212,0.7828812555420084,-0.013568741686987185,0.7875164498342524,0.7931202212190369,-0.005603771384784517,11.19601677148847,0.007929531109026167,403,4237,0.7763993826075871,0.7932593863514473,-0.016860003743860208,0.790538886338661,0.8000476428939058,-0.009508756555244857,11.21666273306585,0.01555832191428752,-0.027437695272405346,-0.004022934089257139
クラス,未勝利,593,8450,0.8232668076074323,0.8346836834391793,-0.011416875831746998,0.8385404493173829,0.8519266500844244,-0.013386200767041445,14.874556213017751,0.0068819647795980154,669,9314,0.8215700514725434,0.8369294122273536,-0.015359360754810258,0.8253962827502854,0.8427382457561539,-0.017341963005868433,15.023620356452652,0.013916019639357013,-0.021091876266471056,-0.008489999865364573
クラス,1勝,459,6104,0.7619868703262466,0.7863512782439541,-0.024364407917707553,0.773681169691554,0.7928311712322434,-0.019150001540689465,14.152686762778506,0.015445774745255325,461,5687,0.7813205092266927,0.7960470757898708,-0.014726566563178056,0.7876999261919645,0.800370452771686,-0.012670526579721453,13.584139264990329,0.010550910064859698,-0.023751267298733777,-0.005884098634687975
クラス,3勝,109,1523,0.7615726094499438,0.7806038881518523,-0.01903127870190857,0.7649520522170172,0.7867167123003258,-0.021764660083308573,14.627051871306632,0.01527892899023564,97,1263,0.7539774623107957,0.7748714623714623,-0.020894000060666662,0.7804642166344293,0.79786750483559,-0.01740328820116066,14.312747426761678,0.00741220988981367,-0.04133757760133122,-0.0017024303781444285
クラス,オープン,133,1881,0.7455283592167455,0.7695248143146523,-0.02399645509790671,0.7593124688150582,0.7895833691780939,-0.030270900363035702,14.843700159489634,0.00724183808420914,124,1643,0.7168588552482967,0.7595536397420483,-0.042694784493751525,0.7360793598954932,0.7832299150881777,-0.04715055519268452,14.616555082166768,0.01612462746269888,-0.07032992071729709,-0.018347985039975177
クラス,2勝,234,3027,0.7592448640324355,0.7849152146076688,-0.02567035057523326,0.7863729195878801,0.7980895263061635,-0.01171660671828334,13.778328377931945,0.014030477679105646,221,2650,0.7685858266610478,0.786126514832267,-0.017540688171219232,0.7838475734450595,0.8092074417676692,-0.025359868322609724,13.292075471698114,0.00704567077799767,-0.0295703624818714,-0.004676435158573195
クラス,その他,72,849,0.7479594523433387,0.7999714762155521,-0.052012023872213375,0.7611182611182612,0.7964303589303591,-0.035312097812097876,12.354534746760896,0.04088858330804973,50,659,,,,,,,,,,
クラス,新馬,146,1826,0.7581512679567673,0.8255752652764935,-0.06742399731972615,0.792726679712981,0.8454011741682975,-0.05267449445531647,13.572836801752464,0.05021720431728649,109,1183,0.6977264283060391,0.7828639000828832,-0.08513747177684405,0.7628004715288812,0.8264824970529445,-0.06368202552406332,11.534234995773458,0.05869673338562148,-0.11701925954907427,-0.05138619699873811
馬場状態,良,1273,17352,0.7815245149739923,0.8042891680522344,-0.022764653078242048,0.7972099515646155,0.8169305327267405,-0.01972058116212505,14.434877823881973,0.015099658630564727,1153,14723,0.7900368485029967,0.8083090101802363,-0.01827216167723955,0.7988407264571712,0.8194653118186098,-0.02062458536143863,14.19839706581539,0.013346311227993957,-0.02444269619801435,-0.012214521276089468
馬場状態,不明,72,849,0.7479594523433387,0.7999714762155521,-0.052012023872213375,0.7611182611182612,0.7964303589303591,-0.035312097812097876,12.354534746760896,0.04088858330804973,90,1176,0.7850614993472136,0.8107112794612795,-0.025649780114065934,0.8000392464678179,0.7970085470085471,0.0030306994592708136,14.13265306122449,0.014992756311622502,-0.04494627894893222,-0.003931061136876717
馬場状態,稍重,234,3150,0.7926014411283729,0.8119689265405485,-0.01936748541217559,0.8069851465274991,0.8419320462756833,-0.03494689974818421,14.236190476190476,0.014028983850602028,338,4403,0.7980640066802207,0.8213074232742763,-0.0232434165940556,0.8075082659808963,0.8306690852314474,-0.023160819250551135,14.029298205768795,0.01897770935615839,-0.03322010773021669,-0.01270065889737132
馬場状態,重,140,1925,0.7868638709941886,0.8066071648172849,-0.019743293823096253,0.8080752300920367,0.8053321328531413,0.002743097238895431,14.462857142857143,0.009628051834156326,108,1509,0.7729404885654886,0.7906262993762994,-0.017685810810810776,0.7634890422185212,0.7894691622386126,-0.025980120020091424,14.500331345261763,0.012624726663560237,-0.03289586273291944,0.00035969610940875875
馬場状態,不良,27,384,,,,,,,,,42,588,,,,,,,,,,
回り,right,1244,16633,0.7773159002890146,0.7981838347341919,-0.020867934445177205,0.7948375609253614,0.8124788575127472,-0.01764129658738578,14.156496122166777,0.014717365826326656,1151,14881,0.7870712395033247,0.8074349888755338,-0.020363749372209083,0.7924821488546053,0.812248545443826,-0.019766396589220636,13.998857603655669,0.015010872336636616,-0.02628594659411291,-0.01427136061156816
回り,left,502,7027,0.7956048553117576,0.8226491386647172,-0.02704428335295961,0.806596134800182,0.8320939763814975,-0.025497841581315517,14.77031450120962,0.01613956063995098,580,7518,0.7932818638206287,0.8118743165259669,-0.01859245270533816,0.8131165013016323,0.8351095639010286,-0.021993062599396374,14.552274541101356,0.013688744694805466,-0.026696359132179222,-0.010305207393958538
直線,short,840,11397,0.7772375378360568,0.7969310518144554,-0.01969351397839869,0.7971788634938678,0.8120087890228554,-0.014829925528987653,14.275423357023778,0.013948071370330162,825,10738,0.7815403965621951,0.8030766374497194,-0.02153624088752426,0.7940879486601384,0.8155968365537539,-0.02150888789361549,13.953063885267275,0.014419381069294746,-0.029113581731812513,-0.014662237138277575
直線,medium,531,6996,0.7794972384665366,0.8009765153624803,-0.021479276895943644,0.8016714657951041,0.8208590949673965,-0.019187629172292442,14.058604917095483,0.014664350243448587,622,8037,0.795795753966238,0.8126280602682827,-0.016832306302044686,0.8026652663494476,0.8189975704618976,-0.016332304112450013,14.208411098668657,0.014036701157923992,-0.024405623988176174,-0.009375040652903063
直線,long,334,4670,0.8022599998261184,0.833231721232908,-0.03097172140678961,0.7990460258861275,0.8322696233546487,-0.033223597468521215,14.747751605995717,0.020310323491821325,161,2043,0.807220474603353,0.8284969541499707,-0.02127647954661771,0.8327744161745765,0.8531060403554389,-0.02033162418086243,14.888399412628488,0.016170304610214292,-0.03669403135103741,-0.00581560540877507
直線,very_long,41,597,,,,,,,,,123,1581,0.7808844032248287,0.8036360146289224,-0.022751611404093763,0.7746992344148742,0.8112175147127754,-0.03651828029790116,14.726755218216319,0.01619492672292011,,
坂,坂あり,740,10220,0.7958948112064741,0.8163062835472884,-0.020411472340814307,0.8082758255890078,0.8312226384380569,-0.022946812849049092,14.564187866927593,0.014184829592582215,695,9200,0.7997566214791533,0.8168014148542263,-0.01704479337507303,0.8051586618263118,0.8225067855771727,-0.017348123750860922,14.44608695652174,0.012929294773178113,-0.024777167114721617,-0.010035335326244193
坂,坂なし,1006,13440,0.7726822746966349,0.7972346263702071,-0.02455235167357228,0.7907013044781016,0.8085231973128256,-0.017821892834724018,14.167410714285714,0.015865945078504307,1036,13199,0.7817340175631698,0.8036035571510936,-0.021869539587923703,0.7952138179504734,0.818032072692571,-0.022818254742097643,14.002348662777484,0.015708731695993572,-0.02860472491316062,-0.015284389919477738
コース形態,tight,431,6094,0.7747784885624982,0.798243808126465,-0.023465319563966802,0.8069751425072509,0.820225356682958,-0.013250214175707153,14.699704627502461,0.015759499218869377,364,5023,0.8001949875741342,0.8182132086786884,-0.0180182211045542,0.7986117193125863,0.8128898571456374,-0.014278137833051097,14.656380649014533,0.012799645164819407,-0.028909405169203175,-0.008090752292401256
コース形態,standard,393,5468,0.7824148206160594,0.804789752927263,-0.022374932311203577,0.813323305631808,0.8395750761478584,-0.026251770516050432,14.486100950987565,0.013201260253042524,494,6473,0.7941709481015631,0.810782557520147,-0.016611609418583972,0.8070328140276549,0.822269716932818,-0.015236902905163108,14.332921365672794,0.013706277258950628,-0.0235355107447448,-0.00903441068593434
コース形態,spacious,635,8477,0.7912616769637453,0.8173403091134172,-0.026078632149671876,0.7881784032294237,0.8140763664178388,-0.025897963188415085,14.313672289725138,0.017349718259627778,462,5718,0.8026811141445833,0.8198133471273318,-0.017132232982748463,0.8016919401945805,0.824229463646738,-0.022537523452157537,14.4700944386149,0.012791649357357604,-0.02602179735808537,-0.00654514649159785
コース形態,flat_tight,287,3621,0.7750715379824605,0.789531047484388,-0.014459509501927426,0.7862660917293893,0.7929536044010711,-0.006687512671681772,13.567798950566141,0.011850370844070368,411,5185,0.7562589043201967,0.7848218111002921,-0.02856290678009543,0.7886488756514657,0.8179720954032234,-0.029323219751757668,13.22757955641273,0.019312001469449558,-0.038950584326490595,-0.018791316714282753
AI1位2位差,Q3,437,5915,0.786884394465236,0.8105997074952602,-0.023715313030024276,0.796376686274952,0.8177607454991591,-0.021384059224207164,14.312595097210481,0.01669644389096775,436,5599,0.7860487329747385,0.8022989022434492,-0.0162501692687107,0.802470622230784,0.8154646900177909,-0.012994067787006847,14.083407751384176,0.011895567430115717,-0.02642867081655109,-0.007877605411706266
AI1位2位差,Q1低,442,5915,0.76693500754565,0.791152864948961,-0.02421785740331095,0.768182430739798,0.7845666467967389,-0.01638421605694096,14.25579036348267,0.014778272814008397,449,5599,0.7777220783058136,0.7966714897772986,-0.01894941147148499,0.7796238767283852,0.8040897569063933,-0.024465880178008104,13.936774424004286,0.015389594639984627,-0.029048128555629753,-0.008362520796748768
AI1位2位差,Q4高,431,5915,0.7854087575948041,0.8126135344646972,-0.027204776869893088,0.8312182098202525,0.8509196776568653,-0.01970146783661275,14.491462383770076,0.016872897747169546,415,5599,0.8036997422184602,0.8207932553576238,-0.01709351313916363,0.8182881756505176,0.8351458789776713,-0.01685770332715375,14.545633148776567,0.01079794711885973,-0.027305570796979955,-0.009269912414463842
AI1位2位差,Q2,439,5915,0.7908524948418004,0.8075053666117847,-0.016652871769984312,0.7945603926001489,0.8202307879322575,-0.025670395332108575,14.29535080304311,0.012211366373895804,431,5599,0.7890397481306572,0.8160621312861417,-0.027022383155484442,0.7948746414583711,0.824559505998723,-0.029684864540351907,14.175388462225397,0.020251093438008516,-0.03702778887772568,-0.017232095867098042
AI上位3頭集中,Q4高,537,5915,0.8267633416657949,0.831401245632375,-0.004637903966580148,0.8390750083136698,0.8433322640214101,-0.004257255707740382,12.338630600169061,-0.0022299781741758062,555,5600,0.8503219015249844,0.8594687755074732,-0.009146873982488812,0.8565846602352261,0.8656089283528614,-0.009024268117635348,12.638928571428572,0.007098017367137499,-0.015991923004682267,-0.001252127446288252
AI上位3頭集中,Q3,432,5915,0.7833183992542335,0.8056679518010968,-0.022349552546863327,0.8115710924084714,0.8408361069301054,-0.029265014521633992,14.215046491969568,0.021420718122701576,420,5599,0.7964893680497851,0.8220492710193353,-0.02555990296955024,0.8170948106976951,0.8420019590673652,-0.024907148369670118,13.96195749240936,0.018487902045891846,-0.03381209290791442,-0.017417380762152865
AI上位3頭集中,Q1低,378,5915,0.7274973651951969,0.7792695734548903,-0.05177220825969342,0.7288147173464132,0.7811612213364064,-0.05234650398999319,15.822992392223162,0.019760058180970486,367,5600,0.7105489110304317,0.7571649105591597,-0.04661599952872797,0.717930889037838,0.7713489562778888,-0.053418067240050826,15.480357142857143,0.015269335180322752,-0.058917559271539806,-0.03579271766170438
AI上位3頭集中,Q2,402,5915,0.7662837859967522,0.7995943514536048,-0.033310565456852625,0.7863385773833536,0.8025828593293283,-0.016244281945974715,14.978529163144549,0.021608212498867574,392,5600,0.7737239516517792,0.7980084902252753,-0.024284538573496106,0.7820833409026969,0.8013071513547033,-0.019223810452006385,14.657142857142857,0.017413879494941498,-0.03312968021959696,-0.014629559125397073
AIエントロピー,Q1低,406,5915,0.8408775401830396,0.8540481766477083,-0.01317063646466865,0.8603471971972421,0.8759750055216408,-0.015627808324398695,15.047506339814031,0.008815975867227266,412,5599,0.85369157631311,0.8646079919573193,-0.01091641564420931,0.8652448121159242,0.8767612953956687,-0.011516483279744527,15.18753348812288,0.009344704156080907,-0.017484381655998124,-0.004115350004579369
AIエントロピー,Q3,435,5915,0.7545098015697305,0.7798660761436219,-0.025356274573891446,0.7800760398090765,0.7986817888692987,-0.018605749060222276,14.307185122569738,0.012032885466907173,428,5599,0.7642835667600373,0.7888668534080299,-0.024583286647992586,0.767873143293243,0.7913902511412297,-0.023517107847986773,14.061618146097517,0.01750023291732211,-0.03336763580128407,-0.01384367060861619
AIエントロピー,Q2,420,5915,0.7937099551600089,0.8107049937769595,-0.01699503861695062,0.8057186186576542,0.821794271848867,-0.016075653191212846,14.765511411665258,0.013924873643948232,404,5599,0.8031650195651744,0.8238993065806544,-0.02073428701547997,0.8132444848031622,0.8310864012883136,-0.01784191648515132,14.652616538667619,0.01674239143807521,-0.02961311086473714,-0.013403959358412442
AIエントロピー,Q4高,488,5915,0.7311408943622691,0.7759558304715839,-0.04481493610931475,0.7419856546049353,0.7768800578165638,-0.03489440321162851,13.234995773457312,0.025785305452603713,487,5599,0.7211465443928763,0.7566110647848312,-0.03546452039195491,0.7411164078039265,0.7804511607757626,-0.039334752971836084,12.839435613502411,0.014746844313167862,-0.04746716759631381,-0.022749400572190184
AI1位の市場人気,AI1位=市場2-3番人気,565,7552,0.7783216396606489,0.8111629005669253,-0.03284126090627637,0.7838261075406745,0.8131926396963539,-0.029366532155679415,14.147510593220339,0.023481487717965654,545,7047,0.788294110345829,0.8084988864246855,-0.020204776078856512,0.800870899124843,0.8255963444353703,-0.02472544531052734,13.988789555839364,0.017347036900532964,-0.02732888030390028,-0.01278559139630147
AI1位の市場人気,AI1位=市場1番人気,1015,13742,0.7912965074361726,0.806581431962063,-0.015284924525890364,0.814957265552202,0.8279868481786311,-0.01302958262642906,14.340416242177266,0.009172299571906073,1023,13218,0.7984102702273914,0.8165387766322648,-0.0181285064048734,0.8085841531682028,0.8260771838947062,-0.017493030726503433,14.28869723104857,0.012837017141243745,-0.02407084035825159,-0.011722515391173862
AI1位の市場人気,AI1位=市場4番人気以下,166,2366,0.7425053533190578,0.7807321362537947,-0.038226782934736914,0.7390717415115006,0.7782872398685652,-0.039215498357064615,14.939983093829248,0.023173757240975534,163,2134,0.7278730530354763,0.7635495723994408,-0.03567651936396443,0.7304094782789441,0.76176619057517,-0.03135671229622594,14.186504217432052,0.016103421476647062,-0.05922746704822527,-0.012318370756771885
AI上位3頭と市場上位3頭の一致,上位3頭一致 3頭,511,6565,0.8062755549065419,0.8116103681977862,-0.0053348132912443,0.8203441217165042,0.8243153898376838,-0.00397126812117965,13.816450875856816,0.0061628833485671275,583,7183,0.8125886243698603,0.825399674120953,-0.012811049751092707,0.8280664985862528,0.837543851688414,-0.009477353102161246,13.918000835305582,0.011183827412750036,-0.0198700095444341,-0.005999462634630884
AI上位3頭と市場上位3頭の一致,上位3頭一致 2頭,984,13506,0.7787114488004155,0.8073239743729519,-0.02861252557253635,0.794838032511472,0.8174202365406827,-0.02258220402921074,14.453428106026951,0.017844552157468718,939,12386,0.7872027111309167,0.807604714763036,-0.020402003632119303,0.7994069597140068,0.8227901701920056,-0.02338321047799885,14.27321169061844,0.014861280235240748,-0.026279303957133654,-0.013533190775845215
AI上位3頭と市場上位3頭の一致,上位3頭一致 1頭,243,3472,0.7461451946268516,0.7867453605561382,-0.040600165929286613,0.7642264610710294,0.8090721050357677,-0.044845643964738224,14.857718894009217,0.021481034517852993,196,2649,0.7315383240469259,0.7745650111540008,-0.04302668710707491,0.7167471042471042,0.7673657423657424,-0.050618638118638204,14.44960362400906,0.020749720064562993,-0.06299662426359075,-0.023366701226812815
AI上位3頭と市場上位3頭の一致,上位3頭一致 0頭,8,117,,,,,,,,,13,181,,,,,,,,,,
